,seqs,lbls,glbl_lbls
0,MAPTLFQKLFSKRTGLGAPGRDARDPDCGFSWPLPEFDPSQIRLIVYQDCERRGRNVLFDSSVKRRNEDI,IIIIIIIIIIIIIIIIIIIIIIIIIIIIIIIIIIIIIIIIIIIIIIIIIIIIIIIIIIIIIIIIIIIIII,NO_SP
1,MLGTVKMEGHETSDWNSYYADTQEAYSSVPVSNMNSGLGSMNSMNTYMTMNTMTTSGNMTPASFNMSYAN,IIIIIIIIIIIIIIIIIIIIIIIIIIIIIIIIIIIIIIIIIIIIIIIIIIIIIIIIIIIIIIIIIIIIII,NO_SP
2,MLGAVKMEGHEPSDWSSYYAEPEGYSSVSNMNAGLGMNGMNTYMSMSAAAMGGGSGNMSAGSMNMSSYVG,IIIIIIIIIIIIIIIIIIIIIIIIIIIIIIIIIIIIIIIIIIIIIIIIIIIIIIIIIIIIIIIIIIIIII,NO_SP
3,MTLSSDMSDVLAEETDIDVVGEEDEPRAEEEEEEDGELLMPRSPHCSSTKDPYKAAGSGGVGRSALVKPP,IIIIIIIIIIIIIIIIIIIIIIIIIIIIIIIIIIIIIIIIIIIIIIIIIIIIIIIIIIIIIIIIIIIIII,NO_SP
4,MFAVSIVPRTTSCRLSSAFLCQLSIPLTLRLHHHYQHHQPHLPSPLSFQIHSLRKQIDMAAQGGDSYEEA,IIIIIIIIIIIIIIIIIIIIIIIIIIIIIIIIIIIIIIIIIIIIIIIIIIIIIIIIIIIIIIIIIIIIII,NO_SP
5,MATYVSPCFTPSDSRLLTVLRKNVLPENHLGRLNSIRTIDSKKNRVVVAAQKSESSPIRNSPRHYQSQAQ,IIIIIIIIIIIIIIIIIIIIIIIIIIIIIIIIIIIIIIIIIIIIIIIIIIIIIIIIIIIIIIIIIIIIII,NO_SP
6,MSDYSTGGPPPGPPPPAGGGGGAAGAGGGPPPGPPGAGDRGGGGPGGGGPGGGGASGGPSQPPGGGGPGI,IIIIIIIIIIIIIIIIIIIIIIIIIIIIIIIIIIIIIIIIIIIIIIIIIIIIIIIIIIIIIIIIIIIIII,NO_SP
7,MNPTNPFSGQQPSAFSASSSNVGTLPSKPPFRFGQPSLFGQNSTLSGKSSGFSQVSSFPASSGVSHSSSV,IIIIIIIIIIIIIIIIIIIIIIIIIIIIIIIIIIIIIIIIIIIIIIIIIIIIIIIIIIIIIIIIIIIIII,NO_SP
8,MYTKLRSIQSGTFSTVYKAWSTTHNRYVALKITPKYKTSEANMKNEYDVMKILSSCNPHPNICSMLDFYT,IIIIIIIIIIIIIIIIIIIIIIIIIIIIIIIIIIIIIIIIIIIIIIIIIIIIIIIIIIIIIIIIIIIIII,NO_SP
9,MEELVVEVRGSNGAFYKAFVKDVHEDSITVAFENNWQPDRQIPFHDVRFPPPVGYNKDINESDEVEVYSR,IIIIIIIIIIIIIIIIIIIIIIIIIIIIIIIIIIIIIIIIIIIIIIIIIIIIIIIIIIIIIIIIIIIIII,NO_SP
10,MKNLNGRTHNACYHPYYHQSLHFAQQQQQQQQHHLQQQQQHMQQQQQQQQAPQQQLRHQQRQLPTQPAYQ,IIIIIIIIIIIIIIIIIIIIIIIIIIIIIIIIIIIIIIIIIIIIIIIIIIIIIIIIIIIIIIIIIIIIII,NO_SP
11,MTAESGPPPPQPEVLATVKEERGETAAGAGVPGEATGRGAGGRRRKRPLQRGKPPYSYIALIAMAIAHAP,IIIIIIIIIIIIIIIIIIIIIIIIIIIIIIIIIIIIIIIIIIIIIIIIIIIIIIIIIIIIIIIIIIIIII,NO_SP
12,MTEQMTVRGTLKGHSGWVTQIATTPQFPDMILSASRDKTIIMWKLTRDETNYGIPQRALRGHSHFVSDVV,IIIIIIIIIIIIIIIIIIIIIIIIIIIIIIIIIIIIIIIIIIIIIIIIIIIIIIIIIIIIIIIIIIIIII,NO_SP
13,MESVDTELTSFNNMVAKSSYPVRILHHNNGISEDEEGGSGVEPYVGLEFDTAEEAREFYNAYAARTGFKV,IIIIIIIIIIIIIIIIIIIIIIIIIIIIIIIIIIIIIIIIIIIIIIIIIIIIIIIIIIIIIIIIIIIIII,NO_SP
14,MATITTLASSVPLFRPYSFPGGSSRKPKKDNLSIKPPATSSLKVNAKLASADDTSSNFNKDNWLASADEL,IIIIIIIIIIIIIIIIIIIIIIIIIIIIIIIIIIIIIIIIIIIIIIIIIIIIIIIIIIIIIIIIIIIIII,NO_SP
15,MEPPMEPSGGEQEPGAVRFLDLPWEDVLLPHVLNRVPLRQLLRLQRVSRAFRSLVQLHLAGLRRFDAAQV,IIIIIIIIIIIIIIIIIIIIIIIIIIIIIIIIIIIIIIIIIIIIIIIIIIIIIIIIIIIIIIIIIIIIII,NO_SP
16,MATVTELKAVLKDTLEKRGVLGHLKARIRAEVFNALDDDREPRPSLSHENLLINELIREYLEFNKYKYTA,IIIIIIIIIIIIIIIIIIIIIIIIIIIIIIIIIIIIIIIIIIIIIIIIIIIIIIIIIIIIIIIIIIIIII,NO_SP
17,MNNPTSDDRLRFQQKCHKSMLNTGAIFKNCKLRNGDVLQEVTESLTEDSEFNYIVNESQNVSTRLIFWNK,IIIIIIIIIIIIIIIIIIIIIIIIIIIIIIIIIIIIIIIIIIIIIIIIIIIIIIIIIIIIIIIIIIIIII,NO_SP
18,MAAKLRAHQVDVDPDFAPQSRPRSCTWPLPQPDLAGDEDGALGAGVAEGSEDCGPERRATAPAMAPAPPL,IIIIIIIIIIIIIIIIIIIIIIIIIIIIIIIIIIIIIIIIIIIIIIIIIIIIIIIIIIIIIIIIIIIIII,NO_SP
19,MLGHLVGLVKVRVVRGVNLAVRDLRSSDPYVIVRMGKQKLKTRVIKKTTNPEWNDELTLSIEDPAVPVRL,IIIIIIIIIIIIIIIIIIIIIIIIIIIIIIIIIIIIIIIIIIIIIIIIIIIIIIIIIIIIIIIIIIIIII,NO_SP
20,MALSMKPFRADDSGFQSNNLWVGSLTPETTESDLTELFGRYGDIDRITVYSSRGFAFIYYRHVEEAVAAK,IIIIIIIIIIIIIIIIIIIIIIIIIIIIIIIIIIIIIIIIIIIIIIIIIIIIIIIIIIIIIIIIIIIIII,NO_SP
21,MLRFTNCSCKTFVKSSYKLNIRRMNSSFRTETDAFGEIHVPADKYWGAQTQRSFQNFKIGGARERMPLPL,IIIIIIIIIIIIIIIIIIIIIIIIIIIIIIIIIIIIIIIIIIIIIIIIIIIIIIIIIIIIIIIIIIIIII,NO_SP
22,MMASYPEPEDAAGALLAPETGRTVKEPEGPPPSPGKGGGGGGGTAPEKPDPAQKPPYSYVALIAMAIRES,IIIIIIIIIIIIIIIIIIIIIIIIIIIIIIIIIIIIIIIIIIIIIIIIIIIIIIIIIIIIIIIIIIIIII,NO_SP
23,MAEAPQVVETDPDFEPLPRQRSCTWPLPRPEFNQSNSTTSSPAPSGGAAANPDAAASLASASAVSTDFMS,IIIIIIIIIIIIIIIIIIIIIIIIIIIIIIIIIIIIIIIIIIIIIIIIIIIIIIIIIIIIIIIIIIIIII,NO_SP
24,MVVKTYPLGMVGTNNGIAENEGDSGLEPYVGLEFDTAEEARDYYNSYATRTGFKVRTGQLYRSRTDGTVS,IIIIIIIIIIIIIIIIIIIIIIIIIIIIIIIIIIIIIIIIIIIIIIIIIIIIIIIIIIIIIIIIIIIIII,NO_SP
25,MTLSGSGSASDMSGQTVLSADDADIDVVGEGDEALDKDSECESTAGHTDEVGELGGKEIPRSPSGSGTEA,IIIIIIIIIIIIIIIIIIIIIIIIIIIIIIIIIIIIIIIIIIIIIIIIIIIIIIIIIIIIIIIIIIIIII,NO_SP
26,MAELTVEVRGSNGAFYKGFIKDVHEDSLTVVFENNWQPERQVPFNEVRLPPPPDIKKEISEGDEVEVYSR,IIIIIIIIIIIIIIIIIIIIIIIIIIIIIIIIIIIIIIIIIIIIIIIIIIIIIIIIIIIIIIIIIIIIII,NO_SP
27,MTAEEMKVAENGAQSAPLPLEGVDISPKQDEGVLKVIKREGTGTETAMIGDRVFVHYTGWLLDGTKFDSS,IIIIIIIIIIIIIIIIIIIIIIIIIIIIIIIIIIIIIIIIIIIIIIIIIIIIIIIIIIIIIIIIIIIIII,NO_SP
28,MAPTLLQKLFNKRGSSGSSAAASAQGRAPKEGPAFSWSCSEFDLNEIRLIVYQDCDRRGRQVLFDSKAVQ,IIIIIIIIIIIIIIIIIIIIIIIIIIIIIIIIIIIIIIIIIIIIIIIIIIIIIIIIIIIIIIIIIIIIII,NO_SP
29,MLGSVKMEAHDLAEWSYYPEAGEVYSPVTPVPTMAPLNSYMTLNPLSSPYPPGGLPASPLPSGPLAPPAP,IIIIIIIIIIIIIIIIIIIIIIIIIIIIIIIIIIIIIIIIIIIIIIIIIIIIIIIIIIIIIIIIIIIIII,NO_SP
30,MLGAVKMEGHEPSDWSSYYAEPEGYSSVSNMNAGLGMNGMNTYMSMSAAAMGSGSGNMSAGSMNMSSYVG,IIIIIIIIIIIIIIIIIIIIIIIIIIIIIIIIIIIIIIIIIIIIIIIIIIIIIIIIIIIIIIIIIIIIII,NO_SP
31,MSDYSTGGPPPGPPPPAGGGGGAGGAGGGPPPGPPGAGDRGGGGPGGGGPGGGSAGGPSQPPGGGGPGIR,IIIIIIIIIIIIIIIIIIIIIIIIIIIIIIIIIIIIIIIIIIIIIIIIIIIIIIIIIIIIIIIIIIIIII,NO_SP
32,MATKQLLRRQIKRVINALDYDIIAAESHTISQAVRSLIASANSRRVACYMSMDKGEVTTGEIIKNLFQDG,IIIIIIIIIIIIIIIIIIIIIIIIIIIIIIIIIIIIIIIIIIIIIIIIIIIIIIIIIIIIIIIIIIIIII,NO_SP
33,MDSKESLTPGKEENPSSVLTQERGNVMDFCKILRGGATLKVSVSSTSLAAASQSDSKQQRLLVDFPKGSV,IIIIIIIIIIIIIIIIIIIIIIIIIIIIIIIIIIIIIIIIIIIIIIIIIIIIIIIIIIIIIIIIIIIIII,NO_SP
34,MLSCFRLLSRHISPSLASLRPVRCCFALPLRWAPGRPLDPRQIAPRRPLAAAASSRDPTGPAAGPSRVRQ,IIIIIIIIIIIIIIIIIIIIIIIIIIIIIIIIIIIIIIIIIIIIIIIIIIIIIIIIIIIIIIIIIIIIII,NO_SP
35,MASNDYTQQATQSYGAYPTQPGQGYSQQSSQPYGQQSYSGYSQSTDTSGYGQSSYSSYGQSQNTGYGTQS,IIIIIIIIIIIIIIIIIIIIIIIIIIIIIIIIIIIIIIIIIIIIIIIIIIIIIIIIIIIIIIIIIIIIII,NO_SP
36,MEKGPVRAPAEKPRGARCSNGFPERDPPRPGPSRPAEKPPRPEAKSAQPADGWKGERPRSEEDNELNLPN,IIIIIIIIIIIIIIIIIIIIIIIIIIIIIIIIIIIIIIIIIIIIIIIIIIIIIIIIIIIIIIIIIIIIII,NO_SP
37,MTTTSSDELPRQADDDSMKWDRIYIQKLDPEVIFTKQERIGRGSFGEVYKGIDNRTGRVVAIKIIDLEQA,IIIIIIIIIIIIIIIIIIIIIIIIIIIIIIIIIIIIIIIIIIIIIIIIIIIIIIIIIIIIIIIIIIIIII,NO_SP
38,MDLDQWISKVKDGQHLLEDELQLLCEYVKEILIEESNVQPVNSPVTVCGDIHGQFHDLMKLFQTGGHVPE,IIIIIIIIIIIIIIIIIIIIIIIIIIIIIIIIIIIIIIIIIIIIIIIIIIIIIIIIIIIIIIIIIIIIII,NO_SP
39,MGNSSEEPKPPTKSDKPSSPPVDQTNVHVYPDWAAMQAYYGPRVAMPPYYNSAMAASGHPPPPYMWNPQH,IIIIIIIIIIIIIIIIIIIIIIIIIIIIIIIIIIIIIIIIIIIIIIIIIIIIIIIIIIIIIIIIIIIIII,NO_SP
40,MLARSALRSGFLPSLTSSVKTGFCLKAAAPTLSMKWSAVKYYSTKHFTKEHEWVKVDGDVGTVGITSYAA,IIIIIIIIIIIIIIIIIIIIIIIIIIIIIIIIIIIIIIIIIIIIIIIIIIIIIIIIIIIIIIIIIIIIII,NO_SP
41,MYQSLAMAANHGPPPGAYEAGGPGAFMHGAGAASSPVYVPTPRVPSSVLGLSYLQGGGAGSASGGASGGS,IIIIIIIIIIIIIIIIIIIIIIIIIIIIIIIIIIIIIIIIIIIIIIIIIIIIIIIIIIIIIIIIIIIIII,NO_SP
42,MDSGSRVNVNIQGTRVLKNKLGKIPDIDISTDGKYLLSASTNDVLLVWDLHTSNKVAFFEAPSVWIMTCA,IIIIIIIIIIIIIIIIIIIIIIIIIIIIIIIIIIIIIIIIIIIIIIIIIIIIIIIIIIIIIIIIIIIIII,NO_SP
43,MGSNEEGNPTNNSDKPSQAAAPEQSNVHVYHHDWAAMQAYYGPRVGIPQYYNSNLAPGHAPPPYMWASPS,IIIIIIIIIIIIIIIIIIIIIIIIIIIIIIIIIIIIIIIIIIIIIIIIIIIIIIIIIIIIIIIIIIIIII,NO_SP
44,MALTDGGWCLPKRFGAAGADASDSRAFPAREPSTPPSPISSSSSSCSRGGERGPGGASNCGTPQLDTEAA,IIIIIIIIIIIIIIIIIIIIIIIIIIIIIIIIIIIIIIIIIIIIIIIIIIIIIIIIIIIIIIIIIIIIII,NO_SP
45,MPRSFLVKSKKAHTYHQPRAQGDELVWPPAVIPVAKEHSQSASPLLSTPLPSQTLDWNTIKQEREMLLNQ,IIIIIIIIIIIIIIIIIIIIIIIIIIIIIIIIIIIIIIIIIIIIIIIIIIIIIIIIIIIIIIIIIIIIII,NO_SP
46,MKRDHHHHHHQDKKTMMMNEEDDGNGMDELLAVLGYKVRSSEMADVAQKLEQLEVMMSNVQEDDLSQLAT,IIIIIIIIIIIIIIIIIIIIIIIIIIIIIIIIIIIIIIIIIIIIIIIIIIIIIIIIIIIIIIIIIIIIII,NO_SP
47,MASVTLGSWIVVHHHNHHHPSSILTKSRSRSCPITLTKPISFRSKRTVSSSSSIVSSSVVTKEDNLRQSE,IIIIIIIIIIIIIIIIIIIIIIIIIIIIIIIIIIIIIIIIIIIIIIIIIIIIIIIIIIIIIIIIIIIIII,NO_SP
48,MYPNSPSLGRIPLPLPCEQQQQASGYSDKLPVSAAPELLSPEQFIQASLNIQKHANLSRMLMNGNVLTVP,IIIIIIIIIIIIIIIIIIIIIIIIIIIIIIIIIIIIIIIIIIIIIIIIIIIIIIIIIIIIIIIIIIIIII,NO_SP
49,MYPNSPSLGRIPLPLPCARQQQTSAYLSKVPVSVAPDLLSPEQFFQASLNIHKNANLPRLLMNGNVLTVP,IIIIIIIIIIIIIIIIIIIIIIIIIIIIIIIIIIIIIIIIIIIIIIIIIIIIIIIIIIIIIIIIIIIIII,NO_SP
50,MSDGWSDSESAAKAKTGFGSGGGFGGGNNGGSGFGGGKNGGTGFGGGNTGGSGFGGGNTGGSGFGGGKTG,IIIIIIIIIIIIIIIIIIIIIIIIIIIIIIIIIIIIIIIIIIIIIIIIIIIIIIIIIIIIIIIIIIIIII,NO_SP
51,MHCEVAEALSDKRPKEAPGAPGQGRGPVSLGAHMAFRIAVSGGGCGDGNPLDLLPRLPVPPPRAHDLLRP,IIIIIIIIIIIIIIIIIIIIIIIIIIIIIIIIIIIIIIIIIIIIIIIIIIIIIIIIIIIIIIIIIIIIII,NO_SP
52,MIGPRLCAATPRFPLVSLAHRNSKVFALASSNAVAQRWGKRFYAPIETETPHKVGVEFEESKDRIFTSPQ,IIIIIIIIIIIIIIIIIIIIIIIIIIIIIIIIIIIIIIIIIIIIIIIIIIIIIIIIIIIIIIIIIIIIII,NO_SP
53,MAAAAAMAEQESARNGGRNRGGVQRVEGKLRASVEKGDYYEAHQMYRTLFFRYMSQSKHTEARELMYSGA,IIIIIIIIIIIIIIIIIIIIIIIIIIIIIIIIIIIIIIIIIIIIIIIIIIIIIIIIIIIIIIIIIIIIII,NO_SP
54,MPRSFLVKSKKAHTYHQPRVQEDEPLWPPALTPVPRDQAPSNSPVLSTLFPNQCLDWTNLKREPELEQDQ,IIIIIIIIIIIIIIIIIIIIIIIIIIIIIIIIIIIIIIIIIIIIIIIIIIIIIIIIIIIIIIIIIIIIII,NO_SP
55,MTATIDVDNLMSRLLNVGMSGGRLTTSVNEQELQTCCAVAKSVFASQASLLEVEPPIIVCGDIHGQYSDL,IIIIIIIIIIIIIIIIIIIIIIIIIIIIIIIIIIIIIIIIIIIIIIIIIIIIIIIIIIIIIIIIIIIIII,NO_SP
56,MKALILVGGFGTRLRPLTLSFPKPLVDFANKPMILHQIEALKAVGVDEVVLAINYQPEVMLNFLKDFETK,IIIIIIIIIIIIIIIIIIIIIIIIIIIIIIIIIIIIIIIIIIIIIIIIIIIIIIIIIIIIIIIIIIIIII,NO_SP
57,MAHRPKRTFRQRAADSSDSDGAEESPAEPGAPRELPVPGSAEEEPPSGGGRAQVAGLPHRVRGPRGRGRV,IIIIIIIIIIIIIIIIIIIIIIIIIIIIIIIIIIIIIIIIIIIIIIIIIIIIIIIIIIIIIIIIIIIIII,NO_SP
58,MMVQRLGPISPPASQVSTACKQISPSLPRAVNAANLNRPPSDTRSVILQESLVSTTLSLTESQSALSVKQ,IIIIIIIIIIIIIIIIIIIIIIIIIIIIIIIIIIIIIIIIIIIIIIIIIIIIIIIIIIIIIIIIIIIIII,NO_SP
59,MDVEKLNLDNIISRLLEVRGSKPGKNVQLTESEIKGLCQKSREIFLSQPILLELEAPLKICGDVHGQYYD,IIIIIIIIIIIIIIIIIIIIIIIIIIIIIIIIIIIIIIIIIIIIIIIIIIIIIIIIIIIIIIIIIIIIII,NO_SP
60,MSTAMAMAAAASSSAAAATATTTAISNSTNTTASPATTNTINTTTKTITTSEVPLEPASNMAPKALEIED,IIIIIIIIIIIIIIIIIIIIIIIIIIIIIIIIIIIIIIIIIIIIIIIIIIIIIIIIIIIIIIIIIIIIII,NO_SP
61,MNEDSRLSSSQQPSTSTPRSSIPSTMNSDEPNTCRRLSQSQEQPSTSRTCKSETPEFGYSDSLPFAPWRR,IIIIIIIIIIIIIIIIIIIIIIIIIIIIIIIIIIIIIIIIIIIIIIIIIIIIIIIIIIIIIIIIIIIIII,NO_SP
62,MLKAVILIGGPQKGTRFRPLSFEVPKPLFPVAGVPMIQHHIEACAQVPGMQEILLIGFYQPDEPLTQFLE,IIIIIIIIIIIIIIIIIIIIIIIIIIIIIIIIIIIIIIIIIIIIIIIIIIIIIIIIIIIIIIIIIIIIII,NO_SP
63,MAAPMLRWGCRGRRWAFARVDGGSCHRRGAPTGSTSNQIRGESSVAQQPLHTAQKTRKGEHKWAAVVGLE,IIIIIIIIIIIIIIIIIIIIIIIIIIIIIIIIIIIIIIIIIIIIIIIIIIIIIIIIIIIIIIIIIIIIII,NO_SP
64,MAEGLVLKGTMRAHTDMVTAIATPIDNADIIVSASRDKSIILWKLTKDDKAYGVAQRRLTGHSHFVEDVV,IIIIIIIIIIIIIIIIIIIIIIIIIIIIIIIIIIIIIIIIIIIIIIIIIIIIIIIIIIIIIIIIIIIIII,NO_SP
65,MVPAESNAVQAKLAKTLQRFENKIKAGDYYEAHQTLRTIANRYVRSKSYEHAIELISQGALSFLKAKQGG,IIIIIIIIIIIIIIIIIIIIIIIIIIIIIIIIIIIIIIIIIIIIIIIIIIIIIIIIIIIIIIIIIIIIII,NO_SP
66,MNHLSPPPSPHSQQPSPAGLGCHGAALDKQWMQRASAFNTVIASAAAQKLNGRDLPFLYNPLLYSSALLW,IIIIIIIIIIIIIIIIIIIIIIIIIIIIIIIIIIIIIIIIIIIIIIIIIIIIIIIIIIIIIIIIIIIIII,NO_SP
67,MEIKPVEVIDGVPVFKPSMMEFANFQYFIDEITKFGIENGIVKVIPPKEWLELLEGSPPAESLKTIQLDS,IIIIIIIIIIIIIIIIIIIIIIIIIIIIIIIIIIIIIIIIIIIIIIIIIIIIIIIIIIIIIIIIIIIIII,NO_SP
68,MNSMFRFWIPKTSISMQLRMLSTQTRQALEQAVKEDPIVLFMKGTPTRPMCGFSLKAIQILSLENVASDK,IIIIIIIIIIIIIIIIIIIIIIIIIIIIIIIIIIIIIIIIIIIIIIIIIIIIIIIIIIIIIIIIIIIIII,NO_SP
69,MEVQCGGAGFIPESSRSSHELGNQDQGIPQLRIVLLGKTGAGKSSTGNSILGEKVFNSGICAKSITKVCE,IIIIIIIIIIIIIIIIIIIIIIIIIIIIIIIIIIIIIIIIIIIIIIIIIIIIIIIIIIIIIIIIIIIIII,NO_SP
70,MQACCGGNSMASLQQPGRVQGSVFPPIMPPVTKFSQQLKFNISKPFRSSFLKRNLVSEMRASSVSLPNVE,IIIIIIIIIIIIIIIIIIIIIIIIIIIIIIIIIIIIIIIIIIIIIIIIIIIIIIIIIIIIIIIIIIIIII,NO_SP
71,MSSSNLAGNTNTTTTSSAASAAAAHSAANASTITSEYSTTQTTTGTFNTDTLSSIGSTSTLHGSQPSQPP,IIIIIIIIIIIIIIIIIIIIIIIIIIIIIIIIIIIIIIIIIIIIIIIIIIIIIIIIIIIIIIIIIIIIII,NO_SP
72,MDSKESLAPPGRDEVPSSLLGRGRGSVMDLYKTLRGGATVKVSASSPSVAAASQADSKQQRILLDFSKGS,IIIIIIIIIIIIIIIIIIIIIIIIIIIIIIIIIIIIIIIIIIIIIIIIIIIIIIIIIIIIIIIIIIIIII,NO_SP
73,MALRMWASSTANALKLSSSASKSHLLPAFSISRCFSSVLEGLKYANSHEWVKHEGSVATIGITDHAQDHL,IIIIIIIIIIIIIIIIIIIIIIIIIIIIIIIIIIIIIIIIIIIIIIIIIIIIIIIIIIIIIIIIIIIIII,NO_SP
74,MLRTTRLWTTRMPTVSKLFLRNSSGNALNKNKLPFLYSSQGPQAVRYTSQHEWIAVHQDKTAFVGITKYA,IIIIIIIIIIIIIIIIIIIIIIIIIIIIIIIIIIIIIIIIIIIIIIIIIIIIIIIIIIIIIIIIIIIIII,NO_SP
75,MFLPKFNPIRSFSPILRAKTLLRYQNRMYLSTEIRKAIEDAIESAPVVLFMKGTPEFPKCGFSRATIGLL,IIIIIIIIIIIIIIIIIIIIIIIIIIIIIIIIIIIIIIIIIIIIIIIIIIIIIIIIIIIIIIIIIIIIII,NO_SP
76,MSLSTIICIGMAGSGKTTFMQRLNSHLRAEKTPPYVINLDPAVLRVPYGANIDIRDSIKYKKVMENYQLG,IIIIIIIIIIIIIIIIIIIIIIIIIIIIIIIIIIIIIIIIIIIIIIIIIIIIIIIIIIIIIIIIIIIIII,NO_SP
77,MPFAQIVIGPPGSGKSTYCNGCSQFFNAIGRHSQVVNMDPANDALPYPCAVDIRDFITLEEIMQEQQLGP,IIIIIIIIIIIIIIIIIIIIIIIIIIIIIIIIIIIIIIIIIIIIIIIIIIIIIIIIIIIIIIIIIIIIII,NO_SP
78,MTTSLQDGQSAASRAAARDSPLAAQVCGAAQGRGDAHDLAPAPWLHARALLPLPDGTRGCAADRRKKKDL,IIIIIIIIIIIIIIIIIIIIIIIIIIIIIIIIIIIIIIIIIIIIIIIIIIIIIIIIIIIIIIIIIIIIII,NO_SP
79,MAARKGRRRTCETGEPMEAESGDTSSEGPAQVYLPGRGPPLREGEELVMDEEAYVLYHRAQTGAPCLSFD,IIIIIIIIIIIIIIIIIIIIIIIIIIIIIIIIIIIIIIIIIIIIIIIIIIIIIIIIIIIIIIIIIIIIII,NO_SP
80,MGLELYLDLLSQPSRAVYIFAKKNGIPFQLRTVDLLKGQHLSEQFSQVNCLKKVPVLKDGSFVLTESTAI,IIIIIIIIIIIIIIIIIIIIIIIIIIIIIIIIIIIIIIIIIIIIIIIIIIIIIIIIIIIIIIIIIIIIII,NO_SP
81,MAAERSRSPVDSPVPASMFAPEPSSPGAARAAAAAARLHGGFDSDCSEDGEALNGEPELDLTSKLVLVSP,IIIIIIIIIIIIIIIIIIIIIIIIIIIIIIIIIIIIIIIIIIIIIIIIIIIIIIIIIIIIIIIIIIIIII,NO_SP
82,MSAAQGMAYKLRTDAAPTGAGRRARRSHSSVAAPYRAARLVQGGVSIEGGLVGGCQLTEERVAARPPRAA,IIIIIIIIIIIIIIIIIIIIIIIIIIIIIIIIIIIIIIIIIIIIIIIIIIIIIIIIIIIIIIIIIIIIII,NO_SP
83,MSSLVTLNNGLKMPLVGLGCWKIDKKVCANQIYEAIKLGYRLFDGACDYGNEKEVGEGIRKAISEGLVSR,IIIIIIIIIIIIIIIIIIIIIIIIIIIIIIIIIIIIIIIIIIIIIIIIIIIIIIIIIIIIIIIIIIIIII,NO_SP
84,MAVTAFNTLKLVSSSLDPIPSVSCSSYSFSLIYVGSPYKRCLKQSCSVRAMTSSSSAASSSSSSFGSRME,IIIIIIIIIIIIIIIIIIIIIIIIIIIIIIIIIIIIIIIIIIIIIIIIIIIIIIIIIIIIIIIIIIIIII,NO_SP
85,MKLKVYADRMSQPSRAVLIFCKVNEIQFDEILIYLANRQQLSPEFKDINPMGKVPAIVDGKLKLSESHAI,IIIIIIIIIIIIIIIIIIIIIIIIIIIIIIIIIIIIIIIIIIIIIIIIIIIIIIIIIIIIIIIIIIIIII,NO_SP
86,MWRGLSALVTQAAWAPLRLCARCSTSAESLVPSSTIFALSSGQGRCAIAVIRTSGPASGLALRSLTALQE,IIIIIIIIIIIIIIIIIIIIIIIIIIIIIIIIIIIIIIIIIIIIIIIIIIIIIIIIIIIIIIIIIIIIII,NO_SP
87,MQSCGRWWGRLAARGAPRHLRPAAGGPRRQQQRWGGGEAARCIEQLLPRHDDFCRRHIGPREREKREMLS,IIIIIIIIIIIIIIIIIIIIIIIIIIIIIIIIIIIIIIIIIIIIIIIIIIIIIIIIIIIIIIIIIIIIII,NO_SP
88,MRFRSFFFSSSIFSLSHSRSPSLSSSRFSSLSAAMSPALEKSRQGNGGCNDDSKSKVTVVGSGNWGSVAA,IIIIIIIIIIIIIIIIIIIIIIIIIIIIIIIIIIIIIIIIIIIIIIIIIIIIIIIIIIIIIIIIIIIIII,NO_SP
89,MFSVTRRRAAGAAAAMATATGTLYWMTSQGDRPLVHNDPSYMVQFPTAAPPQVSRRDLLDRLAKTHQFDV,IIIIIIIIIIIIIIIIIIIIIIIIIIIIIIIIIIIIIIIIIIIIIIIIIIIIIIIIIIIIIIIIIIIIII,NO_SP
90,MELDLSPPHLSSSPEDLCPAPGTPPGTPRPPDTPLPEEVKRSQPLLIPTTGRKLREEERRATSLPSIPNP,IIIIIIIIIIIIIIIIIIIIIIIIIIIIIIIIIIIIIIIIIIIIIIIIIIIIIIIIIIIIIIIIIIIIII,NO_SP
91,MVKRQRIESSNVPLSAFAVRQLTLSKAARKKDNSSGKKRSVSEEESQDKYEDEMKTEGEFPSYKHTLVQV,IIIIIIIIIIIIIIIIIIIIIIIIIIIIIIIIIIIIIIIIIIIIIIIIIIIIIIIIIIIIIIIIIIIIII,NO_SP
92,MSGSLGRAAAALLRWGRGAGGGGLWGPGVRAAGSGAGGGGSAEQLDALVKKDKVVVFLKGTPEQPQCGFS,IIIIIIIIIIIIIIIIIIIIIIIIIIIIIIIIIIIIIIIIIIIIIIIIIIIIIIIIIIIIIIIIIIIIII,NO_SP
93,MDQPAPAPEPMLLDAQPPAAVACDKKQQEGEAPYAEGNDAVTGHIISTTIGGKNGEPKRTISYMAERVVG,IIIIIIIIIIIIIIIIIIIIIIIIIIIIIIIIIIIIIIIIIIIIIIIIIIIIIIIIIIIIIIIIIIIIII,NO_SP
94,MTDKEKKPCAIIVVGMAGSGKTTFMQQLNAHLHSKNKPPYILNLDPAVRNLPYEANIDIRDTINYKEVMK,IIIIIIIIIIIIIIIIIIIIIIIIIIIIIIIIIIIIIIIIIIIIIIIIIIIIIIIIIIIIIIIIIIIIII,NO_SP
95,MATTNSLHHHHHSSPSYTHHRNNLHCQSHFGPTSLSLKQPTSAATFSLICSASSTSSSTTAVSAVSTTNA,IIIIIIIIIIIIIIIIIIIIIIIIIIIIIIIIIIIIIIIIIIIIIIIIIIIIIIIIIIIIIIIIIIIIII,NO_SP
96,MCDAAAATATTTTTAAVAAAVATTTASVALEATATQPGTTTTTVATASAGTTSPEAAIPTAATATSARNS,IIIIIIIIIIIIIIIIIIIIIIIIIIIIIIIIIIIIIIIIIIIIIIIIIIIIIIIIIIIIIIIIIIIIII,NO_SP
97,MAAACRSVKGLVAVITGGASGLGLATAERLVGQGASAVLLDLPNSGGEAQAKKLGNNCVFAPADVTSEKD,IIIIIIIIIIIIIIIIIIIIIIIIIIIIIIIIIIIIIIIIIIIIIIIIIIIIIIIIIIIIIIIIIIIIII,NO_SP
98,MKSRKSYGHLLSPVGSPPLDNESGEAAAAAAAGGGGCGSSAGYVVYGGGGGGDSPAKEQDRFLPIANVSR,IIIIIIIIIIIIIIIIIIIIIIIIIIIIIIIIIIIIIIIIIIIIIIIIIIIIIIIIIIIIIIIIIIIIII,NO_SP
99,MSQSNMVPVANNGDNNNDNENNNNNNNNGGTDNTNAGNDSGDQDFDSGNTSSGNHGEGLGNNQAPRHKKK,IIIIIIIIIIIIIIIIIIIIIIIIIIIIIIIIIIIIIIIIIIIIIIIIIIIIIIIIIIIIIIIIIIIIII,NO_SP
